trajectory,point,deep_depth_m,shallow_depth_m,slope_end_km,amplification
1,1,190.0,51.0,79.0,1.3338916336390088
1,2,190.0,45.0,79.0,1.369905592157269
1,3,190.0,45.0,85.0,1.279132935207692
1,4,202.0,45.0,85.0,1.290700757994278
2,1,190.0,53.0,77.0,1.3193117021641916
2,2,190.0,53.0,83.0,1.280336231662649
2,3,190.0,47.0,83.0,1.3068414562665704
2,4,202.0,47.0,83.0,1.321088873345072
3,1,198.0,45.0,79.0,1.3826831269720603
3,2,210.0,45.0,79.0,1.4010773823063036
3,3,210.0,51.0,79.0,1.3644862884218474
3,4,210.0,51.0,85.0,1.2758362019543608
4,1,190.0,53.0,81.0,1.3195751032908158
4,2,190.0,47.0,81.0,1.3528361400431765
4,3,202.0,47.0,81.0,1.3709820607020478
4,4,202.0,47.0,75.0,1.3670378819820102
5,1,190.0,55.0,85.0,1.2423918744641467
5,2,190.0,49.0,85.0,1.263805994365046
5,3,202.0,49.0,85.0,1.2756059957430474
5,4,202.0,49.0,79.0,1.364138365393694
6,1,210.0,53.0,83.0,1.303836893145712
6,2,198.0,53.0,83.0,1.290039190425752
6,3,198.0,53.0,77.0,1.331509665204729
6,4,198.0,47.0,77.0,1.3653919340644405
7,1,206.0,45.0,75.0,1.3848470014584557
7,2,206.0,45.0,81.0,1.3889407608387403
7,3,206.0,51.0,81.0,1.3540460868681368
7,4,194.0,51.0,81.0,1.3363393481309789
8,1,210.0,55.0,77.0,1.3385582928077575
8,2,210.0,55.0,83.0,1.2956278173559792
8,3,198.0,55.0,83.0,1.2817881768052481
8,4,198.0,49.0,83.0,1.3073474041606483
9,1,198.0,49.0,79.0,1.3579871731968542
9,2,198.0,49.0,85.0,1.2717706520607186
9,3,198.0,55.0,85.0,1.2505480389704609
9,4,210.0,55.0,85.0,1.2620615556700416
10,1,194.0,53.0,75.0,1.322119961478119
10,2,206.0,53.0,75.0,1.3395873723996001
10,3,206.0,53.0,81.0,1.3433103161753068
10,4,206.0,47.0,81.0,1.3768194415352715
11,1,210.0,45.0,79.0,1.4010773823063036
11,2,210.0,51.0,79.0,1.3644862884218474
11,3,210.0,51.0,85.0,1.2758362019543608
11,4,198.0,51.0,85.0,1.264500875006632
12,1,206.0,51.0,85.0,1.2721445881222309
12,2,206.0,45.0,85.0,1.2943699460931013
12,3,194.0,45.0,85.0,1.2830931685775424
12,4,194.0,45.0,79.0,1.376347980117828
13,1,206.0,51.0,77.0,1.3541905133712673
13,2,206.0,45.0,77.0,1.3897082147781454
13,3,206.0,45.0,83.0,1.3349978458085563
13,4,194.0,45.0,83.0,1.321132949950754
14,1,202.0,55.0,83.0,1.2865011500510104
14,2,202.0,55.0,77.0,1.3270133385117677
14,3,190.0,55.0,77.0,1.3089569869724966
14,4,190.0,49.0,77.0,1.341304764620461
15,1,194.0,53.0,77.0,1.3254632133573292
15,2,194.0,47.0,77.0,1.3592537525241224
15,3,194.0,47.0,83.0,1.3116997716353898
15,4,206.0,47.0,83.0,1.325634470723817
16,1,202.0,55.0,75.0,1.323644565321536
16,2,202.0,49.0,75.0,1.355531594979404
16,3,190.0,49.0,75.0,1.3376171739428295
16,4,190.0,49.0,81.0,1.341300395799052
17,1,194.0,55.0,75.0,1.311945997023303
17,2,194.0,49.0,75.0,1.3436957507721268
17,3,206.0,49.0,75.0,1.3612971870493409
17,4,206.0,49.0,81.0,1.3652041276704678
18,1,210.0,53.0,81.0,1.348990387269418
18,2,198.0,53.0,81.0,1.3316491726821928
18,3,198.0,53.0,75.0,1.3280428724251134
18,4,198.0,47.0,75.0,1.3611515389141793
19,1,202.0,49.0,79.0,1.364138365393694
19,2,202.0,55.0,79.0,1.3307448346051676
19,3,190.0,55.0,79.0,1.3123051273772506
19,4,190.0,55.0,85.0,1.2423918744641467
20,1,206.0,55.0,83.0,1.2911117615721313
20,2,206.0,55.0,77.0,1.332831720172614
20,3,194.0,55.0,77.0,1.3150796979494914
20,4,194.0,49.0,77.0,1.3475169631180537
21,1,206.0,49.0,85.0,1.2793429898482918
21,2,206.0,55.0,85.0,1.2583173562817187
21,3,194.0,55.0,85.0,1.246519132964324
21,4,194.0,55.0,79.0,1.3185541486792254
22,1,194.0,55.0,81.0,1.3153987630787887
22,2,206.0,55.0,81.0,1.3329762371579048
22,3,206.0,49.0,81.0,1.3652041276704678
22,4,206.0,49.0,75.0,1.3612971870493409
23,1,210.0,55.0,85.0,1.2620615556700416
23,2,198.0,55.0,85.0,1.2505480389704609
23,3,198.0,55.0,79.0,1.3246973223742353
23,4,198.0,49.0,79.0,1.3579871731968542
24,1,206.0,45.0,85.0,1.2943699460931013
24,2,194.0,45.0,85.0,1.2830931685775424
24,3,194.0,45.0,79.0,1.376347980117828
24,4,194.0,51.0,79.0,1.3402136656439125
25,1,206.0,51.0,81.0,1.3540460868681368
25,2,194.0,51.0,81.0,1.3363393481309789
25,3,194.0,51.0,75.0,1.3326938573739586
25,4,194.0,45.0,75.0,1.367113790904306
26,1,194.0,53.0,85.0,1.2534345297128784
26,2,206.0,53.0,85.0,1.265141322840072
26,3,206.0,53.0,79.0,1.347406442488759
26,4,206.0,47.0,79.0,1.3823392906122995
27,1,190.0,51.0,81.0,1.3302224683911335
27,2,190.0,51.0,75.0,1.3266391991938342
27,3,190.0,45.0,75.0,1.360988642931753
27,4,202.0,45.0,75.0,1.3790381598010424
28,1,210.0,55.0,85.0,1.2620615556700416
28,2,210.0,49.0,85.0,1.283002243158475
28,3,210.0,49.0,79.0,1.376151256254783
28,4,198.0,49.0,79.0,1.3579871731968542
29,1,190.0,49.0,79.0,1.3453743718750508
29,2,202.0,49.0,79.0,1.364138365393694
29,3,202.0,49.0,85.0,1.2756059957430474
29,4,202.0,55.0,85.0,1.2544746184944773
30,1,190.0,55.0,77.0,1.3089569869724966
30,2,202.0,55.0,77.0,1.3270133385117677
30,3,202.0,49.0,77.0,1.3596267076411028
30,4,202.0,49.0,83.0,1.3120124967434106
31,1,190.0,49.0,83.0,1.2977119990530963
31,2,202.0,49.0,83.0,1.3120124967434106
31,3,202.0,49.0,77.0,1.3596267076411028
31,4,202.0,55.0,77.0,1.3270133385117677
32,1,206.0,55.0,83.0,1.2911117615721313
32,2,194.0,55.0,83.0,1.2769746231110952
32,3,194.0,49.0,83.0,1.302584053699741
32,4,194.0,49.0,77.0,1.3475169631180537
33,1,210.0,45.0,75.0,1.3905546136060682
33,2,210.0,45.0,81.0,1.394703304268219
33,3,198.0,45.0,81.0,1.3771188043995923
33,4,198.0,51.0,81.0,1.3423399652133814
34,1,210.0,53.0,85.0,1.2688623452817192
34,2,210.0,53.0,79.0,1.3532957182813374
34,3,210.0,47.0,79.0,1.3883340052356614
34,4,198.0,47.0,79.0,1.370056164671738
35,1,190.0,55.0,79.0,1.3123051273772506
35,2,202.0,55.0,79.0,1.3307448346051676
35,3,202.0,55.0,85.0,1.2544746184944773
35,4,202.0,49.0,85.0,1.2756059957430474
36,1,202.0,53.0,79.0,1.3414248384234553
36,2,190.0,53.0,79.0,1.3228807526574495
36,3,190.0,53.0,85.0,1.2493364032085867
36,4,190.0,47.0,85.0,1.2713630204332804
37,1,198.0,55.0,79.0,1.3246973223742353
37,2,198.0,55.0,85.0,1.2505480389704609
37,3,210.0,55.0,85.0,1.2620615556700416
37,4,210.0,49.0,85.0,1.283002243158475
38,1,190.0,51.0,77.0,1.3300822325121637
38,2,190.0,45.0,77.0,1.3652390897110633
38,3,190.0,45.0,83.0,1.316295031416027
38,4,202.0,45.0,83.0,1.3304783335586199
39,1,190.0,53.0,81.0,1.3195751032908158
39,2,190.0,53.0,75.0,1.3160900369909074
39,3,190.0,47.0,75.0,1.3490560138453669
39,4,202.0,47.0,75.0,1.3670378819820102
40,1,198.0,45.0,85.0,1.2869392474512622
40,2,210.0,45.0,85.0,1.297948959607664
40,3,210.0,51.0,85.0,1.2758362019543608
40,4,210.0,51.0,79.0,1.3644862884218474
41,1,190.0,55.0,83.0,1.2720593865164422
41,2,202.0,55.0,83.0,1.2865011500510104
41,3,202.0,55.0,77.0,1.3270133385117677
41,4,202.0,49.0,77.0,1.3596267076411028
42,1,190.0,49.0,77.0,1.341304764620461
42,2,190.0,55.0,77.0,1.3089569869724966
42,3,202.0,55.0,77.0,1.3270133385117677
42,4,202.0,55.0,83.0,1.2865011500510104
43,1,194.0,51.0,75.0,1.3326938573739586
43,2,194.0,51.0,81.0,1.3363393481309789
43,3,194.0,45.0,81.0,1.3710528877799864
43,4,206.0,45.0,81.0,1.3889407608387403
44,1,206.0,45.0,79.0,1.395042250509755
44,2,206.0,45.0,85.0,1.2943699460931013
44,3,194.0,45.0,85.0,1.2830931685775424
44,4,194.0,51.0,85.0,1.2605366877997868
45,1,202.0,53.0,85.0,1.2613275003477984
45,2,202.0,53.0,79.0,1.3414248384234553
45,3,190.0,53.0,79.0,1.3228807526574495
45,4,190.0,47.0,79.0,1.357362880055049
46,1,198.0,55.0,83.0,1.2817881768052481
46,2,198.0,49.0,83.0,1.3073474041606483
46,3,198.0,49.0,77.0,1.3536237212136843
46,4,210.0,49.0,77.0,1.3713404458406817
47,1,210.0,45.0,75.0,1.3905546136060682
47,2,198.0,45.0,75.0,1.3731301003388376
47,3,198.0,51.0,75.0,1.338639747316252
47,4,198.0,51.0,81.0,1.3423399652133814
48,1,190.0,53.0,85.0,1.2493364032085867
48,2,190.0,47.0,85.0,1.2713630204332804
48,3,202.0,47.0,85.0,1.2830433751873407
48,4,202.0,47.0,79.0,1.3762470019711792
49,1,210.0,53.0,75.0,1.3452141884053588
49,2,210.0,53.0,81.0,1.348990387269418
49,3,210.0,47.0,81.0,1.3825617178397145
49,4,198.0,47.0,81.0,1.3650391188684534
50,1,210.0,51.0,85.0,1.2758362019543608
50,2,198.0,51.0,85.0,1.264500875006632
50,3,198.0,45.0,85.0,1.2869392474512622
50,4,198.0,45.0,79.0,1.3826831269720603
51,1,210.0,51.0,83.0,1.3123018484249644
51,2,198.0,51.0,83.0,1.2985560935557443
51,3,198.0,45.0,83.0,1.3258583826619341
51,4,198.0,45.0,77.0,1.3776814442388539
52,1,198.0,51.0,83.0,1.2985560935557443
52,2,198.0,45.0,83.0,1.3258583826619341
52,3,198.0,45.0,77.0,1.3776814442388539
52,4,210.0,45.0,77.0,1.3955734065024128
53,1,194.0,55.0,75.0,1.311945997023303
53,2,206.0,55.0,75.0,1.3293452410579236
53,3,206.0,49.0,75.0,1.3612971870493409
53,4,206.0,49.0,81.0,1.3652041276704678
54,1,194.0,47.0,83.0,1.3116997716353898
54,2,194.0,53.0,83.0,1.2852378108892522
54,3,194.0,53.0,77.0,1.3254632133573292
54,4,206.0,53.0,77.0,1.3433022028230515
55,1,194.0,47.0,85.0,1.2753510486373045
55,2,206.0,47.0,85.0,1.28675107716833
55,3,206.0,47.0,79.0,1.3823392906122995
55,4,206.0,53.0,79.0,1.347406442488759
56,1,210.0,45.0,77.0,1.3955734065024128
56,2,210.0,45.0,83.0,1.3394200852106477
56,3,198.0,45.0,83.0,1.3258583826619341
56,4,198.0,51.0,83.0,1.2985560935557443
57,1,206.0,53.0,79.0,1.347406442488759
57,2,194.0,53.0,79.0,1.329165483933347
57,3,194.0,53.0,85.0,1.2534345297128784
57,4,194.0,47.0,85.0,1.2753510486373045
58,1,210.0,47.0,81.0,1.3825617178397145
58,2,210.0,53.0,81.0,1.348990387269418
58,3,210.0,53.0,75.0,1.3452141884053588
58,4,198.0,53.0,75.0,1.3280428724251134
59,1,194.0,45.0,79.0,1.376347980117828
59,2,194.0,51.0,79.0,1.3402136656439125
59,3,194.0,51.0,85.0,1.2605366877997868
59,4,206.0,51.0,85.0,1.2721445881222309
60,1,198.0,55.0,79.0,1.3246973223742353
60,2,210.0,55.0,79.0,1.3425497706024367
60,3,210.0,49.0,79.0,1.376151256254783
60,4,210.0,49.0,85.0,1.283002243158475
61,1,206.0,53.0,79.0,1.347406442488759
61,2,206.0,47.0,79.0,1.3823392906122995
61,3,206.0,47.0,85.0,1.28675107716833
61,4,194.0,47.0,85.0,1.2753510486373045
62,1,202.0,51.0,83.0,1.3032342675693065
62,2,190.0,51.0,83.0,1.28888338443233
62,3,190.0,51.0,77.0,1.3300822325121637
62,4,190.0,45.0,77.0,1.3652390897110633
63,1,206.0,53.0,79.0,1.347406442488759
63,2,206.0,47.0,79.0,1.3823392906122995
63,3,206.0,47.0,85.0,1.28675107716833
63,4,194.0,47.0,85.0,1.2753510486373045
64,1,198.0,53.0,75.0,1.3280428724251134
64,2,210.0,53.0,75.0,1.3452141884053588
64,3,210.0,47.0,75.0,1.3785146364293852
64,4,210.0,47.0,81.0,1.3825617178397145
