replicate,seed,parameter,first_order_Si,total_order_STi,output_variance
1,12345,deep_depth_m,0.007539377670535542,0.06016413590721378,0.00105390724509564
1,12345,shallow_depth_m,0.04570462073772793,0.22172589733120188,0.00105390724509564
1,12345,slope_end_km,0.7140873926172115,0.6988226494462771,0.00105390724509564
2,12346,deep_depth_m,0.038574606584786286,0.06180286532586285,0.0010479342929577615
2,12346,shallow_depth_m,0.36970884316344493,0.22453671567257752,0.0010479342929577615
2,12346,slope_end_km,0.7485447549994892,0.7594197773332602,0.0010479342929577615
3,12347,deep_depth_m,0.06362637935665899,0.0625176150930601,0.0010549144698131854
3,12347,shallow_depth_m,0.8087379153867907,0.21649266801856532,0.0010549144698131854
3,12347,slope_end_km,0.6168803871245351,0.6961380312513444,0.0010549144698131854
4,12348,deep_depth_m,0.02204382905846284,0.06136270968388446,0.001044927021505973
4,12348,shallow_depth_m,0.0805306386195636,0.2233793800429484,0.001044927021505973
4,12348,slope_end_km,0.6486147554925753,0.7361229974072516,0.001044927021505973
