sample_type,parameter_replaced,sample_index,deep_depth_m,shallow_depth_m,slope_end_km,amplification
A,,1,191.20875308290124,50.02946266904473,77.15927108190954,1.3377177194111527
A,,2,207.6719358190894,47.17695701867342,80.5572109669447,1.3880551650681185
A,,3,200.25385592132807,54.89550322294235,77.80566605739295,1.3264282668780996
A,,4,198.62927006557584,47.89685873314738,84.95459903031588,1.2772095705127973
A,,5,195.80079939216375,53.144956696778536,82.1219520457089,1.303645519947183
A,,6,203.0504591204226,49.06146537512541,75.59924100525677,1.3579276534694615
A,,7,205.47090219333768,51.76039956510067,82.76483891531825,1.3086962890882752
A,,8,193.38279340416193,46.03195523843169,79.99067702330649,1.3719540368463463
A,,9,193.80900716409087,53.78174614161253,83.42032452113926,1.2745445598585186
A,,10,207.30801984667778,48.424680698662996,79.31796254590154,1.376673259890329
A,,11,204.72849912941456,51.14291226491332,81.52751528657973,1.3384897162183331
A,,12,196.39096407219768,46.64943777024746,76.17675436660647,1.3633872529567554
A,,13,199.2167691886425,51.89755607396364,78.38316150009632,1.342023602131173
A,,14,201.9293830357492,45.30885884538293,84.36014204286039,1.30096777923869
A,,15,209.5112612657249,53.00810782238841,76.48653630167246,1.34738501483114
A,,16,191.63732714951038,49.78425890207291,81.21267872862518,1.3345909753108616
A,,17,191.97597516700625,52.52618963830173,78.85902632027864,1.3283579349219095
A,,18,209.06290255486965,49.68022529967129,83.58638796024024,1.3050328063108003
A,,19,201.64486199617386,52.391604939475656,75.71766547858715,1.337920953068594
A,,20,199.39646234735847,45.40076180361211,81.69342621229589,1.3575097063259993
A,,21,197.2223576158285,50.66047492437065,83.90107193030417,1.282669742993006
A,,22,203.8456834666431,46.54595193453133,78.54909179732203,1.380736833843345
A,,23,206.26624455675483,54.27646675147116,80.75376127846539,1.3417829039801663
A,,24,194.8042431473732,48.51588330231607,76.65261911228299,1.3508757444105681
A,,25,193.04303796961904,51.278492184355855,80.07859004661441,1.3408470230349172
A,,26,205.9157906845212,45.92792990617454,77.30565034784377,1.3845879213510301
A,,27,203.3363140746951,53.638994907960296,84.47613062337041,1.2683487901241826
A,,28,195.62496030703187,49.15335991419852,77.95219798572361,1.351095709614311
A,,29,197.79654253274202,54.413055228069425,75.12079196982086,1.320783131502693
A,,30,201.13281758502126,47.79336447827518,82.26850274950266,1.3327657550184955
A,,31,208.7148186005652,50.52419408224523,79.51207547448575,1.3668462936034393
A,,32,190.21698724478483,47.268167892470956,82.91123695671558,1.307656679059934
A,,33,190.33480955287814,54.70618554390967,81.28159440122545,1.3058545513330486
A,,34,208.20393942296505,48.086169278249145,76.00743159651756,1.3719197887566297
A,,35,200.62930196523666,50.23075613193214,83.13885192386806,1.3022454801764218
A,,36,197.91188409551978,46.975665958598256,79.11613758653402,1.37053017240038
A,,37,195.1128413528204,51.571299294009805,76.32257336750627,1.3337029405362664
A,,38,203.4553380124271,46.22106268070638,80.97150725312531,1.3785456676083319
A,,39,206.03233387693763,53.34649528376758,78.17601492628455,1.3439016966075816
A,,40,192.5382825732231,48.85992442257702,84.07395810820162,1.2818301346957768
A,,41,194.68279810622334,50.953892609104514,77.50099268741906,1.338513603918325
A,,42,206.77586365491152,46.838474133983254,84.727135989815,1.2928362947632968
A,,43,204.35290049761534,53.98335670121014,76.89747349359095,1.3355399384281939
A,,44,197.1081974543631,48.22305823676288,80.37445729598403,1.365791399398923
A,,45,199.90487981587648,52.81870952807367,82.54181981086731,1.3018898470087557
A,,46,201.52465673163533,49.97364052571356,79.69105801545084,1.3595242896628543
A,,47,208.94998217001557,52.09877756424248,81.93479251116514,1.3295305581204588
A,,48,192.48199056833982,45.107649294659495,75.3324272762984,1.364955956238143
A,,49,191.4438403584063,52.19005696475506,84.58060439676046,1.2597590958382368
A,,50,209.93671026080847,45.60229307040572,77.9794607590884,1.3943606198298688
A,,51,202.36211691051722,52.71529929712415,80.22807821631432,1.347421139565256
A,,52,199.02088033035398,49.49112754315138,77.37609422765672,1.3532195206985151
A,,53,196.81761469691992,54.07518267631531,79.54465956427157,1.3291102582981784
A,,54,204.53377256169915,48.71718404814601,83.02042176946998,1.3157475964821987
A,,55,207.11089121177793,50.84978321567178,75.18587631173432,1.3530721906081407
A,,56,194.24294266849756,46.35663170367479,82.41324180737138,1.3278349597992931
A,,57,193.57502019032836,53.43778310343623,75.84152048453689,1.320629458419821
A,,58,205.04183039069176,49.3545788526535,81.74068347550929,1.342744557070618
A,,59,202.61890657246113,51.46788079291582,78.95007381215692,1.3507465243324785
A,,60,196.00038973614573,45.73853889480233,83.59778848476708,1.3076257903272965
A,,61,198.20143803954124,50.32257383689284,80.8054247032851,1.350483017082545
A,,62,200.44488107785583,47.46978096663952,76.78149055689573,1.3659020598130929
A,,63,207.87032453343272,54.60208456963301,83.90802822075784,1.278653614133166
A,,64,190.7784403115511,47.60433750227094,78.63508462905884,1.3541998283032273
B,,1,193.01775405183434,49.17351247742772,80.65549881197512,1.351614719983406
B,,2,207.57338853552938,54.98222474940121,75.87292469106615,1.3332630181168885
B,,3,203.8757323101163,45.246017361059785,84.17791751213372,1.306638591709647
B,,4,199.35885276645422,50.74467105790973,79.2351212631911,1.3506458591612986
B,,5,195.25041358545423,46.91046538762748,77.25335247814655,1.3622986308946807
B,,6,200.42126590386033,51.47283975034952,82.46837509796023,1.3100299060178557
B,,7,206.56734745949507,48.611398711800575,77.6410036161542,1.3701346920014765
B,,8,191.4352548494935,52.85883172415197,82.69580410793424,1.2881814623088927
B,,9,191.00307734683156,45.975940339267254,78.1859753280878,1.3634783122664742
B,,10,205.8221567608416,50.53343187086284,83.40098841115832,1.3016571437565716
B,,11,202.18187119811773,49.545922642573714,76.708391495049,1.3562264997154763
B,,12,197.32342649251223,53.79823833703995,81.76318245008588,1.3100981149824658
B,,13,198.2235717214644,47.608037712052464,84.72288669086993,1.281724290528936
B,,14,203.6773951537907,53.4216327406466,79.94030303321779,1.3442786784713847
B,,15,209.88085214048624,46.81149339303374,80.11054036207497,1.3940868798635666
B,,16,194.38765864819288,52.30526418425143,75.1677345763892,1.3266952549416535
B,,17,193.77465333789587,46.3735643401742,83.51657746359706,1.3039044536279931
B,,18,209.21879041939974,52.127342550083995,78.61710660159588,1.3561948993093453
B,,19,203.07972522452474,48.113106628879905,81.2581986375153,1.359253220189831
B,,20,197.5962228514254,53.55194337666035,76.51040498167276,1.327208048420463
B,,21,196.70069340616465,49.72994779236615,79.50901946984231,1.3530461761282975
B,,22,201.52961295098066,54.23006387427449,84.60714534856379,1.2624135237850482
B,,23,205.2342909015715,45.84196759387851,75.36587337963283,1.3795807485141536
B,,24,190.36600129678845,50.0320250634104,80.61567646451294,1.3429068191115043
B,,25,192.0430677011609,48.164929542690516,76.06663159094751,1.3475928848911916
B,,26,207.22360637038946,52.669928492978215,81.16476700641215,1.342940780107323
B,,27,201.02472910657525,47.40698457695544,78.80825052969158,1.3718294286740802
B,,28,195.88294537737966,51.59215932711959,84.05806315131485,1.2749230293888878
B,,29,199.97639279812574,45.43858270160854,81.9589546136558,1.3510624890960277
B,,30,204.5221871510148,51.18747811764479,77.05949328839779,1.3511855815424714
B,,31,208.16704826429486,49.048089385032654,82.8158107586205,1.3227943788835566
B,,32,193.66001361981034,54.49180907569826,78.06802663952112,1.3190569047599168
B,,33,193.22827449068427,45.00394621863961,76.7336954176426,1.3697880475697126
B,,34,208.67264000698924,50.8309690374881,81.67951485142112,1.3415335750134674
B,,35,204.87579889595509,49.23860074020922,78.37195675820112,1.3656829866559679
B,,36,199.39267843961716,54.760447796434164,83.15633336082101,1.2816504903781945
B,,37,195.99806470796466,48.52145771495998,80.1967626158148,1.3618442351261442
B,,38,200.82721238955855,53.10458403080702,75.14017879031599,1.3319229171272287
B,,39,207.18661442399025,47.13836491107941,84.96979122050107,1.287834711743981
B,,40,192.3187070339918,51.4016670640558,79.75176456384361,1.337247479358418
B,,41,190.24539140984416,49.46132216602564,84.26415049470961,1.2737701072765384
B,,42,205.4263119958341,54.039565650746226,79.20755713246763,1.341478609129938
B,,43,201.57210022211075,46.19849934242666,80.90241407044232,1.3777012653585214
B,,44,196.43054492771626,50.46668417751789,75.6843778770417,1.340546882756591
B,,45,198.02246635779738,46.564081655815244,77.66631826758385,1.3696786829272176
B,,46,202.56864292547107,52.39598723128438,82.61212816461921,1.3055834633252839
B,,47,208.87066952884197,47.67846656963229,77.43934463709593,1.3785955868056357
B,,48,194.36386302113533,53.19543072022498,82.22371170297265,1.2994877575752608
B,,49,194.97137516736984,47.88690458983183,79.00881721638143,1.360008902755491
B,,50,209.52723808586597,53.622372252866626,83.75961490906775,1.2866253235147478
B,,51,203.17180601879954,46.4642874058336,76.11628162674606,1.3745152899021233
B,,52,198.65530839189887,51.879930794239044,81.01753582246602,1.338176136451475
B,,53,197.04778485000134,45.77521991916001,83.11651086434722,1.3185481733061062
B,,54,202.21886530518532,50.254584047943354,77.8649052977562,1.3547007484552447
B,,55,206.0196710191667,49.971275087445974,82.1087428368628,1.331987198336767
B,,56,190.88796062394977,54.14546341635287,77.00759377330542,1.3147647406829401
B,,57,191.7054010182619,47.335811872035265,81.55888801440597,1.339616459514196
B,,58,206.52486234903336,51.820058869197965,76.3072919845581,1.3491233923374841
B,,59,200.22924235090613,48.410681867972016,83.666354957968,1.299386938225188
B,,60,195.37102608010173,52.57998747751117,78.56521543115377,1.3327940875008926
B,,61,198.76964524388313,48.82631245069206,75.56642933748662,1.3529983163887525
B,,62,204.22385089099407,54.556897319853306,80.31723656691611,1.3403416467445584
B,,63,208.08447344228625,45.52488066256046,79.5586587768048,1.3967181900621353
B,,64,192.59150808677077,50.945406993851066,84.45992250926793,1.2674518888001034
AB,deep_depth_m,1,193.01775405183434,50.02946266904473,77.15927108190954,1.3405251895971586
AB,deep_depth_m,2,207.57338853552938,47.17695701867342,80.5572109669447,1.3879069957289978
AB,deep_depth_m,3,203.8757323101163,54.89550322294235,77.80566605739295,1.3317890853020462
AB,deep_depth_m,4,199.35885276645422,47.89685873314738,84.95459903031588,1.2779097103394266
AB,deep_depth_m,5,195.25041358545423,53.144956696778536,82.1219520457089,1.3029193654257372
AB,deep_depth_m,6,200.42126590386033,49.06146537512541,75.59924100525677,1.3540746844272038
AB,deep_depth_m,7,206.56734745949507,51.76039956510067,82.76483891531825,1.3099729192833829
AB,deep_depth_m,8,191.4352548494935,46.03195523843169,79.99067702330649,1.368777993876784
AB,deep_depth_m,9,191.00307734683156,53.78174614161253,83.42032452113926,1.2712448800842195
AB,deep_depth_m,10,205.8221567608416,48.424680698662996,79.31796254590154,1.374427511768047
AB,deep_depth_m,11,202.18187119811773,51.14291226491332,81.52751528657973,1.3350313475995896
AB,deep_depth_m,12,197.32342649251223,46.64943777024746,76.17675436660647,1.3647997747109093
AB,deep_depth_m,13,198.2235717214644,51.89755607396364,78.38316150009632,1.3405115146497752
AB,deep_depth_m,14,203.6773951537907,45.30885884538293,84.36014204286039,1.3026885525799157
AB,deep_depth_m,15,209.88085214048624,53.00810782238841,76.48653630167246,1.3479109278759185
AB,deep_depth_m,16,194.38765864819288,49.78425890207291,81.21267872862518,1.3386734888428768
AB,deep_depth_m,17,193.77465333789587,52.52618963830173,78.85902632027864,1.3311756157099335
AB,deep_depth_m,18,209.21879041939974,49.68022529967129,83.58638796024024,1.3051998330651071
AB,deep_depth_m,19,203.07972522452474,52.391604939475656,75.71766547858715,1.3400063299806595
AB,deep_depth_m,20,197.5962228514254,45.40076180361211,81.69342621229589,1.3550582933812747
AB,deep_depth_m,21,196.70069340616465,50.66047492437065,83.90107193030417,1.2821062356435795
AB,deep_depth_m,22,201.52961295098066,46.54595193453133,78.54909179732203,1.3772073059844838
AB,deep_depth_m,23,205.2342909015715,54.27646675147116,80.75376127846539,1.3402665818164148
AB,deep_depth_m,24,190.36600129678845,48.51588330231607,76.65261911228299,1.344016508794601
AB,deep_depth_m,25,192.0430677011609,51.278492184355855,80.07859004661441,1.3392374751693312
AB,deep_depth_m,26,207.22360637038946,45.92792990617454,77.30565034784377,1.3865203626524345
AB,deep_depth_m,27,201.02472910657525,53.638994907960296,84.47613062337041,1.2660078993118833
AB,deep_depth_m,28,195.88294537737966,49.15335991419852,77.95219798572361,1.3514940460744826
AB,deep_depth_m,29,199.97639279812574,54.413055228069425,75.12079196982086,1.3239676564061267
AB,deep_depth_m,30,204.5221871510148,47.79336447827518,82.26850274950266,1.3369851725700619
AB,deep_depth_m,31,208.16704826429486,50.52419408224523,79.51207547448575,1.3660285268568564
AB,deep_depth_m,32,193.66001361981034,47.268167892470956,82.91123695671558,1.3118794388179433
AB,deep_depth_m,33,193.22827449068427,54.70618554390967,81.28159440122545,1.3101142311598704
AB,deep_depth_m,34,208.67264000698924,48.086169278249145,76.00743159651756,1.3725906057270278
AB,deep_depth_m,35,204.87579889595509,50.23075613193214,83.13885192386806,1.3070577918467667
AB,deep_depth_m,36,199.39267843961716,46.975665958598256,79.11613758653402,1.372840204975688
AB,deep_depth_m,37,195.99806470796466,51.571299294009805,76.32257336750627,1.3350400310934032
AB,deep_depth_m,38,200.82721238955855,46.22106268070638,80.97150725312531,1.3746572830919734
AB,deep_depth_m,39,207.18661442399025,53.34649528376758,78.17601492628455,1.3455934212549392
AB,deep_depth_m,40,192.3187070339918,48.85992442257702,84.07395810820162,1.2815945128644646
AB,deep_depth_m,41,190.24539140984416,50.953892609104514,77.50099268741906,1.3316296234446658
AB,deep_depth_m,42,205.4263119958341,46.838474133983254,84.727135989815,1.2915673472005542
AB,deep_depth_m,43,201.57210022211075,53.98335670121014,76.89747349359095,1.3314711884084631
AB,deep_depth_m,44,196.43054492771626,48.22305823676288,80.37445729598403,1.3647094518227783
AB,deep_depth_m,45,198.02246635779738,52.81870952807367,82.54181981086731,1.2995605669717984
AB,deep_depth_m,46,202.56864292547107,49.97364052571356,79.69105801545084,1.3611278243124834
AB,deep_depth_m,47,208.87066952884197,52.09877756424248,81.93479251116514,1.329433016200847
AB,deep_depth_m,48,194.36386302113533,45.107649294659495,75.3324272762984,1.3678323343599377
AB,deep_depth_m,49,194.97137516736984,52.19005696475506,84.58060439676046,1.2634608038890671
AB,deep_depth_m,50,209.52723808586597,45.60229307040572,77.9794607590884,1.3937555670186483
AB,deep_depth_m,51,203.17180601879954,52.71529929712415,80.22807821631432,1.3486649781269464
AB,deep_depth_m,52,198.65530839189887,49.49112754315138,77.37609422765672,1.3526651897683428
AB,deep_depth_m,53,197.04778485000134,54.07518267631531,79.54465956427157,1.329468269327008
AB,deep_depth_m,54,202.21886530518532,48.71718404814601,83.02042176946998,1.3131072713346674
AB,deep_depth_m,55,206.0196710191667,50.84978321567178,75.18587631173432,1.3515179436161038
AB,deep_depth_m,56,190.88796062394977,46.35663170367479,82.41324180737138,1.3235108174180568
AB,deep_depth_m,57,191.7054010182619,53.43778310343623,75.84152048453689,1.3177998515586242
AB,deep_depth_m,58,206.52486234903336,49.3545788526535,81.74068347550929,1.3446848644030387
AB,deep_depth_m,59,200.22924235090613,51.46788079291582,78.95007381215692,1.347119240018645
AB,deep_depth_m,60,195.37102608010173,45.73853889480233,83.59778848476708,1.3069260948907906
AB,deep_depth_m,61,198.76964524388313,50.32257383689284,80.8054247032851,1.3513472113522733
AB,deep_depth_m,62,204.22385089099407,47.46978096663952,76.78149055689573,1.3715295878098217
AB,deep_depth_m,63,208.08447344228625,54.60208456963301,83.90802822075784,1.2788772092881027
AB,deep_depth_m,64,192.59150808677077,47.60433750227094,78.63508462905884,1.3570881649339226
AB,shallow_depth_m,1,191.20875308290124,49.17351247742772,77.15927108190954,1.3425746967172874
AB,shallow_depth_m,2,207.6719358190894,54.98222474940121,80.5572109669447,1.3427538307841502
AB,shallow_depth_m,3,200.25385592132807,45.246017361059785,77.80566605739295,1.381571657991316
AB,shallow_depth_m,4,198.62927006557584,50.74467105790973,84.95459903031588,1.2667248171764394
AB,shallow_depth_m,5,195.80079939216375,46.91046538762748,82.1219520457089,1.333828159642351
AB,shallow_depth_m,6,203.0504591204226,51.47283975034952,75.59924100525677,1.3445771714880344
AB,shallow_depth_m,7,205.47090219333768,48.611398711800575,82.76483891531825,1.3228112481650116
AB,shallow_depth_m,8,193.38279340416193,52.85883172415197,79.99067702330649,1.3314613424792088
AB,shallow_depth_m,9,193.80900716409087,45.975940339267254,83.42032452113926,1.3076229336134435
AB,shallow_depth_m,10,207.30801984667778,50.53343187086284,79.31796254590154,1.3641857541475413
AB,shallow_depth_m,11,204.72849912941456,49.545922642573714,81.52751528657973,1.346731523332988
AB,shallow_depth_m,12,196.39096407219768,53.79823833703995,76.17675436660647,1.3235810039224503
AB,shallow_depth_m,13,199.2167691886425,47.608037712052464,78.38316150009632,1.366805111925531
AB,shallow_depth_m,14,201.9293830357492,53.4216327406466,84.36014204286039,1.2695273023619735
AB,shallow_depth_m,15,209.5112612657249,46.81149339303374,76.48653630167246,1.3824901667072635
AB,shallow_depth_m,16,191.63732714951038,52.30526418425143,81.21267872862518,1.3212784081452609
AB,shallow_depth_m,17,191.97597516700625,46.3735643401742,78.85902632027864,1.3641801639155682
AB,shallow_depth_m,18,209.06290255486965,52.127342550083995,83.58638796024024,1.2951151403798142
AB,shallow_depth_m,19,201.64486199617386,48.113106628879905,75.71766547858715,1.361654241039844
AB,shallow_depth_m,20,199.39646234735847,53.55194337666035,81.69342621229589,1.315578625042899
AB,shallow_depth_m,21,197.2223576158285,49.72994779236615,83.90107193030417,1.2864014238553065
AB,shallow_depth_m,22,203.8456834666431,54.23006387427449,78.54909179732203,1.3366531890854878
AB,shallow_depth_m,23,206.26624455675483,45.84196759387851,80.75376127846539,1.3905988786508123
AB,shallow_depth_m,24,194.8042431473732,50.0320250634104,76.65261911228299,1.3422450487228386
AB,shallow_depth_m,25,193.04303796961904,48.164929542690516,80.07859004661441,1.3592653308963876
AB,shallow_depth_m,26,205.9157906845212,52.669928492978215,77.30565034784377,1.345586984434032
AB,shallow_depth_m,27,203.3363140746951,47.40698457695544,84.47613062337041,1.291793377309814
AB,shallow_depth_m,28,195.62496030703187,51.59215932711959,77.95219798572361,1.3373119838710377
AB,shallow_depth_m,29,197.79654253274202,45.43858270160854,75.12079196982086,1.370538213757298
AB,shallow_depth_m,30,201.13281758502126,51.18747811764479,82.26850274950266,1.316473679936496
AB,shallow_depth_m,31,208.7148186005652,49.048089385032654,79.51207547448575,1.375573668628949
AB,shallow_depth_m,32,190.21698724478483,54.49180907569826,82.91123695671558,1.275916812286383
AB,shallow_depth_m,33,190.33480955287814,45.00394621863961,81.28159440122545,1.357938766505368
AB,shallow_depth_m,34,208.20393942296505,50.8309690374881,76.00743159651756,1.3563456196712302
AB,shallow_depth_m,35,200.62930196523666,49.23860074020922,83.13885192386806,1.306558896185864
AB,shallow_depth_m,36,197.91188409551978,54.760447796434164,79.11613758653402,1.3261728021802108
AB,shallow_depth_m,37,195.1128413528204,48.52145771495998,76.32257336750627,1.3507410467248588
AB,shallow_depth_m,38,203.4553380124271,53.10458403080702,80.97150725312531,1.3397033098259647
AB,shallow_depth_m,39,206.03233387693763,47.13836491107941,78.17601492628455,1.379509471582989
AB,shallow_depth_m,40,192.5382825732231,51.4016670640558,84.07395810820162,1.2717488987183643
AB,shallow_depth_m,41,194.68279810622334,49.46132216602564,77.50099268741906,1.3469285495343195
AB,shallow_depth_m,42,206.77586365491152,54.039565650746226,84.727135989815,1.2664215813622888
AB,shallow_depth_m,43,204.35290049761534,46.19849934242666,76.89747349359095,1.3795817388484886
AB,shallow_depth_m,44,197.1081974543631,50.46668417751789,80.37445729598403,1.3523209665425668
AB,shallow_depth_m,45,199.90487981587648,46.564081655815244,82.54181981086731,1.3309280325964987
AB,shallow_depth_m,46,201.52465673163533,52.39598723128438,79.69105801545084,1.3456922936050126
AB,shallow_depth_m,47,208.94998217001557,47.67846656963229,81.93479251116514,1.3514194213161634
AB,shallow_depth_m,48,192.48199056833982,53.19543072022498,75.3324272762984,1.3194458763254484
AB,shallow_depth_m,49,191.4438403584063,47.88690458983183,84.58060439676046,1.2761011230881794
AB,shallow_depth_m,50,209.93671026080847,53.622372252866626,77.9794607590884,1.3476996416666271
AB,shallow_depth_m,51,202.36211691051722,46.4642874058336,80.22807821631432,1.3850003363469152
AB,shallow_depth_m,52,199.02088033035398,51.879930794239044,77.37609422765672,1.3398549679829947
AB,shallow_depth_m,53,196.81761469691992,45.77521991916001,79.54465956427157,1.377584433232016
AB,shallow_depth_m,54,204.53377256169915,50.254584047943354,83.02042176946998,1.308962000738892
AB,shallow_depth_m,55,207.11089121177793,49.971275087445974,75.18587631173432,1.357910037184373
AB,shallow_depth_m,56,194.24294266849756,54.14546341635287,82.41324180737138,1.291438369931892
AB,shallow_depth_m,57,193.57502019032836,47.335811872035265,75.84152048453689,1.3542849870639038
AB,shallow_depth_m,58,205.04183039069176,51.820058869197965,81.74068347550929,1.3304064740140904
AB,shallow_depth_m,59,202.61890657246113,48.410681867972016,78.95007381215692,1.3685116609977768
AB,shallow_depth_m,60,196.00038973614573,52.57998747751117,83.59778848476708,1.2788574182545542
AB,shallow_depth_m,61,198.20143803954124,48.82631245069206,80.8054247032851,1.3591075579963234
AB,shallow_depth_m,62,200.44488107785583,54.556897319853306,76.78149055689573,1.326703450711725
AB,shallow_depth_m,63,207.87032453343272,45.52488066256046,83.90802822075784,1.3148287612874086
AB,shallow_depth_m,64,190.7784403115511,50.945406993851066,78.63508462905884,1.3347724917416233
AB,slope_end_km,1,191.20875308290124,50.02946266904473,80.65549881197512,1.3437311429899323
AB,slope_end_km,2,207.6719358190894,47.17695701867342,75.87292469106615,1.3762589730967498
AB,slope_end_km,3,200.25385592132807,54.89550322294235,84.17791751213372,1.2652686047986184
AB,slope_end_km,4,198.62927006557584,47.89685873314738,79.2351212631911,1.3662981445303952
AB,slope_end_km,5,195.80079939216375,53.144956696778536,77.25335247814655,1.3279003901000281
AB,slope_end_km,6,203.0504591204226,49.06146537512541,82.46837509796023,1.324419898776961
AB,slope_end_km,7,205.47090219333768,51.76039956510067,77.6410036161542,1.3505829355148558
AB,slope_end_km,8,193.38279340416193,46.03195523843169,82.69580410793424,1.3220258095800472
AB,slope_end_km,9,193.80900716409087,53.78174614161253,78.1859753280878,1.3231832585576297
AB,slope_end_km,10,207.30801984667778,48.424680698662996,83.40098841115832,1.3121890980909228
AB,slope_end_km,11,204.72849912941456,51.14291226491332,76.708391495049,1.351022416644356
AB,slope_end_km,12,196.39096407219768,46.64943777024746,81.76318245008588,1.3447691239753055
AB,slope_end_km,13,199.2167691886425,51.89755607396364,84.72288669086993,1.2666870696944807
AB,slope_end_km,14,201.9293830357492,45.30885884538293,79.94030303321779,1.390164071444398
AB,slope_end_km,15,209.5112612657249,53.00810782238841,80.11054036207497,1.356403527929564
AB,slope_end_km,16,191.63732714951038,49.78425890207291,75.1677345763892,1.3361502680833104
AB,slope_end_km,17,191.97597516700625,52.52618963830173,83.51657746359706,1.2758282980088844
AB,slope_end_km,18,209.06290255486965,49.68022529967129,78.61710660159588,1.3699050941727677
AB,slope_end_km,19,201.64486199617386,52.391604939475656,81.2581986375153,1.3343282862747927
AB,slope_end_km,20,199.39646234735847,45.40076180361211,76.51040498167276,1.3762556002132147
AB,slope_end_km,21,197.2223576158285,50.66047492437065,79.50901946984231,1.348463952810942
AB,slope_end_km,22,203.8456834666431,46.54595193453133,84.60714534856379,1.2933328561692021
AB,slope_end_km,23,206.26624455675483,54.27646675147116,75.36587337963283,1.3341131925906964
AB,slope_end_km,24,194.8042431473732,48.51588330231607,80.61567646451294,1.3589522718941154
AB,slope_end_km,25,193.04303796961904,51.278492184355855,76.06663159094751,1.33169444072779
AB,slope_end_km,26,205.9157906845212,45.92792990617454,81.16476700641215,1.3784204075861868
AB,slope_end_km,27,203.3363140746951,53.638994907960296,78.80825052969158,1.3396255324236828
AB,slope_end_km,28,195.62496030703187,49.15335991419852,84.05806315131485,1.2842645732394442
AB,slope_end_km,29,197.79654253274202,54.413055228069425,81.9589546136558,1.3038079010617918
AB,slope_end_km,30,201.13281758502126,47.79336447827518,77.05949328839779,1.3655979517952404
AB,slope_end_km,31,208.7148186005652,50.52419408224523,82.8158107586205,1.3168094245816893
AB,slope_end_km,32,190.21698724478483,47.268167892470956,78.06802663952112,1.3540865878162942
AB,slope_end_km,33,190.33480955287814,54.70618554390967,76.7336954176426,1.310620354600661
AB,slope_end_km,34,208.20393942296505,48.086169278249145,81.67951485142112,1.3550540660888017
AB,slope_end_km,35,200.62930196523666,50.23075613193214,78.37195675820112,1.3535391931154295
AB,slope_end_km,36,197.91188409551978,46.975665958598256,83.15633336082101,1.313180331912975
AB,slope_end_km,37,195.1128413528204,51.571299294009805,80.1967626158148,1.3424430077121798
AB,slope_end_km,38,203.4553380124271,46.22106268070638,75.14017879031599,1.3741552166533375
AB,slope_end_km,39,206.03233387693763,53.34649528376758,84.96979122050107,1.264432095428343
AB,slope_end_km,40,192.5382825732231,48.85992442257702,79.75176456384361,1.3523662834636627
AB,slope_end_km,41,194.68279810622334,50.953892609104514,84.26415049470961,1.2727438862676221
AB,slope_end_km,42,206.77586365491152,46.838474133983254,79.20755713246763,1.3852173782504575
AB,slope_end_km,43,204.35290049761534,53.98335670121014,80.90241407044232,1.3378191351375275
AB,slope_end_km,44,197.1081974543631,48.22305823676288,75.6843778770417,1.3541931634410167
AB,slope_end_km,45,199.90487981587648,52.81870952807367,77.66631826758385,1.3366524148498369
AB,slope_end_km,46,201.52465673163533,49.97364052571356,82.61212816461921,1.315192263421023
AB,slope_end_km,47,208.94998217001557,52.09877756424248,77.43934463709593,1.3533807335185402
AB,slope_end_km,48,192.48199056833982,45.107649294659495,82.22371170297265,1.3363710827723043
AB,slope_end_km,49,191.4438403584063,52.19005696475506,79.00881721638143,1.3296700161785546
AB,slope_end_km,50,209.93671026080847,45.60229307040572,83.75961490906775,1.3196497183221627
AB,slope_end_km,51,202.36211691051722,52.71529929712415,76.11628162674606,1.3379689706493931
AB,slope_end_km,52,199.02088033035398,49.49112754315138,81.01753582246602,1.3517895552767962
AB,slope_end_km,53,196.81761469691992,54.07518267631531,83.11651086434722,1.2821020447270681
AB,slope_end_km,54,204.53377256169915,48.71718404814601,77.8649052977562,1.3670568800310783
AB,slope_end_km,55,207.11089121177793,50.84978321567178,82.1087428368628,1.3291279188236544
AB,slope_end_km,56,194.24294266849756,46.35663170367479,77.00759377330542,1.3635963854296893
AB,slope_end_km,57,193.57502019032836,53.43778310343623,81.55888801440597,1.3109695280070979
AB,slope_end_km,58,205.04183039069176,49.3545788526535,76.3072919845581,1.3606767310728884
AB,slope_end_km,59,202.61890657246113,51.46788079291582,83.666354957968,1.2894185012262978
AB,slope_end_km,60,196.00038973614573,45.73853889480233,78.56521543115377,1.3738308670706574
AB,slope_end_km,61,198.20143803954124,50.32257383689284,75.56642933748662,1.3437724251691041
AB,slope_end_km,62,200.44488107785583,47.46978096663952,80.31723656691611,1.3758667673339022
AB,slope_end_km,63,207.87032453343272,54.60208456963301,79.5586587768048,1.3430238725919652
AB,slope_end_km,64,190.7784403115511,47.60433750227094,84.45992250926793,1.2784977215311106
