deep_depth_m,shallow_depth_m,slope_end_km,amplification
205.47912097111927,54.08580690707607,82.77404838241178,1.2985621862557648
198.77756879504105,51.997071338107496,84.71826426060967,1.2659532787465375
207.17195839822764,47.65869961459519,80.00741186202342,1.383992586013765
203.94736058118727,54.69176377347724,76.4389750255125,1.330512435762344
191.883546957753,52.78750903965795,75.13936287708202,1.3203271651314938
209.5124470327351,52.168901891589954,77.29656029998856,1.3534681660599701
205.22279403980707,49.49361502143789,76.31822217786521,1.360221980488384
205.72128610553906,47.72241561845159,81.77658673612858,1.351177552049255
192.56227265351092,45.963909621534995,76.21832504628532,1.3617427558089386
199.00771875791133,54.02602396543841,80.06329931620633,1.3354179868702585
197.41596048465163,49.55776289833611,81.94262435642887,1.326790376127976
208.53529977697204,47.0236336479523,80.81116609220902,1.3852591980127191
202.8773024016133,48.05956624150652,76.99775651660057,1.3664290253898663
206.4552322654166,50.79219568941896,83.04124526182262,1.3083930469929526
198.86828397654662,46.767727829392314,82.15407129615802,1.3377709092369845
194.54477443569553,53.56614284092375,82.38984003915542,1.2948193926324543
201.0916957403167,52.585195298352104,76.31057751557313,1.337132098464836
191.2763451220835,52.194629559509366,76.23753803650345,1.324339558661633
206.55262343985163,49.320930397751034,84.27562551006508,1.291044796046843
202.6332879824413,51.27308840702443,78.97578193824941,1.3519964582291837
205.16175480170747,50.84097968912736,78.0094869178094,1.3560447570868093
197.09051936259738,51.4984660155482,79.88584045351533,1.3444630285385997
209.41396048789807,45.84444321139889,81.62864212763583,1.3701854524517727
207.86242242644394,49.1580740217061,84.5562325704697,1.2879990502155463
205.56766994147523,45.416141738618926,77.86446226882055,1.3887537354918
193.89277415703936,49.93990819244519,84.24808429312027,1.276088163500275
199.33442007454067,48.29861212332786,75.24859491386256,1.3561185619811515
190.87607531574457,46.44524188866047,80.55198042326825,1.3662773250082973
193.08578984135096,46.03402967722552,81.33975111681085,1.3544832971583405
203.6609790648491,50.87644572177712,76.05897403750754,1.3496585610842584
204.89524311815634,46.70592968536886,76.40339597063912,1.3761612936088208
209.3501946486842,54.251201183767975,79.19114319316304,1.34607438071317
196.51650716276305,50.81061139700395,84.66231912143182,1.268877896994595
197.40919412069738,48.46869804534837,80.96042553234373,1.3565515281360865
199.39111622551616,50.90915491481417,84.33023221600212,1.2767710320120333
193.7894271816857,45.22803871029698,83.0436091561297,1.3188491868654046
192.59843010670943,54.585592132414455,79.67381601555292,1.3199852469723
199.5140985245187,49.823034369429,82.84763449252188,1.3085557141495714
194.53818698101767,52.827352272502864,75.17836783976988,1.3242014231959374
203.39627989365022,45.82729999922439,76.09143996765735,1.3786030352060006
198.74303837744662,49.86658330838161,83.29428614882737,1.2986440233662788
206.65356392115675,49.90706994354521,82.96817088325162,1.3139742628703954
204.005302040045,54.37826454974983,77.32640741966433,1.3338314356848566
196.24733282764083,50.717280523760756,80.30769590599053,1.34951549899107
206.64519602790403,49.73489401056954,81.06015820700011,1.3604639926486661
206.09528714993604,47.66975663091893,83.6773895377601,1.308546532476867
197.7495675806035,48.31568997342552,81.03107157338725,1.356231326548029
195.7665620786049,50.20672402471538,79.1257156927368,1.3479101958040831
203.6499100794995,49.389114603050466,78.74184043407183,1.3638123893854113
192.7950496721862,45.2161207988033,79.2588208637351,1.3738485274339332
193.99816404950218,53.26291924194358,81.51931025579974,1.3132605790096683
190.14724539502012,53.961607718397666,83.67490631752325,1.2654399788434922
205.73848755004278,46.402490889986105,79.538968820763,1.3874828122812468
203.29701713184065,50.540361435390494,77.47839562951359,1.3538727555901913
204.10330757252672,46.085757411354436,77.3666236299758,1.3811298778745682
205.61458062043937,51.722400930398116,82.46014280243446,1.3154134434960438
199.1783155107668,47.812337838390086,83.1656876342391,1.3106708704501266
201.37482391905786,51.594226346919015,76.05278079854125,1.342342997561266
192.79593996255315,52.269946142868825,75.66558856955179,1.3253159665169436
192.29060147071948,52.68647491917657,80.94433663756452,1.3258112315978146
203.36805923580943,46.077409459558964,76.46173244192698,1.3779252920418277
199.42192412286266,54.16011845137608,83.24664190456342,1.282510061125212
201.30472212962377,47.30213990894881,78.10334673924075,1.3711305141793941
205.29997714832052,45.3741255617618,76.43871932971143,1.3850383568759115
202.6943664000118,50.548524693914835,84.2097047248745,1.2835690025748936
201.07158801315992,48.709222838624385,76.65531722735278,1.3592463983040937
201.18414321490826,53.29789743132413,77.84720082337935,1.3362687000245148
196.07900196125223,53.08251472064302,76.53613395192059,1.3274444845549287
190.6163566913588,48.17138892822715,76.15490063665355,1.3454602573260717
198.73434778464724,54.52899395069745,75.2114801633644,1.3216990181382506
194.2916934563906,47.90917838140118,75.5539540916426,1.3514412360576327
198.17057287449273,50.150571292317146,76.74641470935853,1.3468607239275963
207.06806146536331,47.55965090567603,75.53381932627175,1.372353180956631
194.6787897173068,54.36043570048963,80.91143816110971,1.321315951877327
191.16605483378132,46.64607817582018,81.80714526799507,1.3364918836524633
195.62767784043993,45.44910619392329,78.93630456832028,1.3760256212631425
195.87187515533367,49.35097060003038,78.17991096952049,1.3508845257201445
203.2383302945379,54.92375564055837,80.0452623702223,1.3374861218007628
201.14064304682557,53.916772662549135,83.75004942234608,1.2767584132698926
205.67796418212828,52.486080194569496,83.51131626822206,1.2914569798575906
203.28627080654775,53.90792490878525,75.43475062012791,1.3318544177661191
198.1277372288014,53.934466396978635,76.81498409596524,1.3265480024702494
206.28040769332068,50.18858360386449,77.36744871104396,1.3600327365892548
193.33945839815408,48.15929051830793,77.49387575832212,1.3524191277368371
190.4542414626772,52.72012432110988,80.71232651742773,1.326650542486297
191.80095721551282,51.61661263167761,79.16262425703192,1.3337383614871579
204.447187011929,48.7365772887371,75.49254119927593,1.3616316995502304
199.23754460502775,45.94466668061515,78.73614138459571,1.3780109717419657
193.22543558067204,52.46789611349026,80.23752948717637,1.334491468676404
200.02089550206728,47.62460515922865,76.01671902903716,1.3627233657153892
193.04624205426336,54.36813150533779,83.3345855378856,1.2727369845467933
203.9264075015547,47.409705750056844,75.51961866465105,1.3686796285769898
198.9231255114806,46.22757932411486,84.24841869018061,1.2962291000730088
197.62042452192964,53.31112672124906,75.99113141579876,1.3275952309163592
196.03024178295752,46.53284316624494,83.43574951597753,1.3073479316424192
202.60565186237778,46.792683081577394,84.02653143927617,1.3018159646043832
197.2362522110678,50.993827915208435,84.79570680586593,1.2668708725950304
191.75299838632202,53.74562040837465,83.02025880273594,1.2790293487686568
192.3601180424103,46.96434665714573,82.79477540771329,1.314143016011997
209.23795329099028,48.10323672900095,81.42483275995548,1.3632551678206961
